Symbol,RoePercent,RocePercent,DebtEquityRatio,BookValuePerShare,MarketCapCr
360ONE,14.4,12.1,1.1346,242.0,48867.0
3MINDIA,30.5,40.5,0.0056,1906.0,37912.0
ABB,22.4,29.9,0.0206,441.0,157321.0
ACC,10.9,11.2,0.0089,1094.0,24551.0
ACMESOLAR,10.4,8.89,3.3006,83.5,28388.0
AIAENG,17.0,21.1,0.0018,860.0,40584.0
APLAPOLLO,25.3,31.6,0.1933,191.0,59391.0
AWL,10.7,18.3,0.1062,80.3,24450.0
AADHARHFC,15.9,11.4,0.0,173.0,20248.0
AARTIIND,7.13,6.85,0.5258,164.0,19123.0
AAVAS,13.9,9.91,0.0,477.0,10747.0
ACE,22.9,31.7,0.0337,169.0,14078.0
ACUTAAS,24.0,31.6,0.1656,202.0,25945.0
ADANIENSOL,9.44,9.65,2.5451,212.0,188567.0
ADANIENT,-3.38,5.8,1.2588,627.0,405623.0
ADANIGREEN,11.4,7.39,5.5138,121.0,217427.0
ADANIPORTS,16.4,14.1,1.0561,416.0,391673.0
ADANIPOWER,21.1,17.2,1.6587,33.7,396300.0
ATGL,14.4,15.3,0.377,44.2,71059.0
ABCAPITAL,12.0,8.72,0.0,131.0,113040.0
ABFRL,-13.6,-3.76,1.0598,47.8,6633.0
ABLBL,14.9,15.0,1.3364,11.6,10511.0
ABREL,-2.64,-4.48,0.6514,331.0,15708.0
ABSLAMC,25.2,32.2,0.0212,140.0,29169.0
CPPLUS,25.4,28.6,0.1263,159.0,41115.0
AEGISLOG,16.3,13.3,0.2364,173.0,49768.0
AEGISVOPAK,11.0,7.56,3.4104,38.7,30614.0
AFCONS,5.61,13.9,0.5331,148.0,10258.0
AFFLE,6.81,9.17,0.0011,146.0,24219.0
ALKEM,18.9,21.2,0.295,1156.0,64565.0
ARE&M,7.18,12.2,0.0501,442.0,16834.0
AMBUJACEM,8.85,5.61,0.015,240.0,102996.0
ANANDRATHI,45.3,57.5,0.0725,61.8,36330.0
ANGELONE,15.6,14.8,0.5821,67.2,26296.0
ANURAS,5.5,7.36,0.56,293.0,14160.0
APOLLOHOSP,21.2,17.4,0.6563,659.0,124992.0
APOLLOTYRE,16.7,15.7,0.5143,187.0,27925.0
ASAHIINDIA,10.7,11.8,0.5969,154.0,24620.0
ASIANPAINT,21.8,26.3,0.0992,223.0,253228.0
ASTRAL,13.8,19.2,0.0361,151.0,41063.0
ATHERENERG,-33.4,-19.8,0.2385,67.2,57675.0
AUROPHARMA,10.1,12.9,0.1062,652.0,94165.0
DMART,12.9,17.2,0.0402,375.0,254767.0
BEML,4.86,7.71,0.3435,352.0,16120.0
BLS,103.0,80.7,0.0112,2.24,11170.0
BAJAJ-AUTO,29.2,28.2,0.0042,1389.0,321520.0
BAJAJFINSV,13.2,10.6,3.4732,487.0,325619.0
BALRAMCHIN,9.54,9.28,0.4183,205.0,15423.0
BANDHANBNK,4.88,6.41,0.0,159.0,28211.0
BANKINDIA,12.4,5.93,0.0,200.0,65008.0
BATAINDIA,10.6,12.7,0.7608,124.0,9010.0
BELRISE,12.6,14.5,0.3394,58.7,22416.0
BERGEPAINT,18.2,22.9,0.1935,54.4,61145.0
BEL,27.4,36.4,0.0038,32.8,302625.0
BHARATFORG,12.0,12.6,0.8907,200.0,98630.0
BHEL,6.23,9.14,0.1981,75.1,143809.0
BPCL,28.8,25.6,1.2057,231.0,134928.0
BHARTIARTL,20.3,17.6,2.1876,245.0,1214402.0
BIKAJI,17.5,19.8,0.1433,64.1,15188.0
GROWW,28.8,37.3,0.1178,15.4,123596.0
BIOCON,1.4,3.61,0.2881,210.0,67722.0
BSOFT,14.1,21.2,0.0502,147.0,8493.0
BLUEDART,16.8,16.6,0.9034,749.0,12062.0
BLUESTARCO,17.2,21.2,0.4165,167.0,31087.0
BBTC,18.7,33.0,1.4583,1009.0,9959.0
BOSCHLTD,14.6,21.5,0.0044,5033.0,142171.0
FIRSTCRY,-2.37,0.57,0.3253,92.5,10250.0
BRIGADE,10.5,10.5,1.5119,209.0,20858.0
BRITANNIA,53.5,56.0,0.702,212.0,129226.0
MAPMYINDIA,12.0,19.1,0.0077,165.0,5388.0
CCL,18.0,15.8,0.4372,176.0,14452.0
CESC,12.0,10.9,1.3713,94.5,20558.0
CGPOWER,20.5,26.7,0.205,50.6,136592.0
CIEINDIA,11.8,14.7,0.2917,204.0,15214.0
CRISIL,24.5,32.6,0.0737,447.0,33015.0
CANBK,16.1,6.52,0.0,136.0,117882.0
CAPLIPOINT,20.6,24.6,0.1316,472.0,19465.0
CGCL,16.5,11.7,0.0,74.9,21555.0
CARTRADE,9.69,11.8,0.0505,519.0,14907.0
CEATLTD,16.1,19.2,0.6482,1247.0,14414.0
CEMPRO,27.6,32.6,0.4527,139.0,21927.0
CDSL,24.5,32.0,0.0016,93.8,29028.0
CHAMBLFERT,20.0,25.2,0.6136,260.0,17274.0
CHOICEIN,16.1,18.0,0.4582,75.0,18014.0
CHOLAHLDNG,5.12,6.25,0.0,74.5,29327.0
CIPLA,11.6,15.5,0.0451,426.0,115701.0
CLEAN,15.3,20.7,0.0013,149.0,8774.0
COCHINSHIP,12.5,16.0,0.0954,223.0,38949.0
COHANCE,7.04,8.35,0.1023,102.0,17714.0
COLPAL,82.7,108.0,0.0484,58.2,51378.0
CONCORDBIO,12.5,17.1,0.0007,193.0,16438.0
COROMANDEL,16.4,22.0,0.05,426.0,58888.0
CREDITACC,10.5,9.98,0.0,490.0,24006.0
CROMPTON,10.3,19.0,0.5749,49.4,16227.0
CYIENT,8.61,12.3,0.1653,511.0,9921.0
DLF,9.5,6.32,0.111,184.0,167851.0
DABUR,17.0,20.3,0.1148,64.4,71047.0
DALBHARAT,1.75,2.07,0.0006,420.0,35262.0
DEEPAKFERT,10.9,11.4,0.5242,542.0,18294.0
DELHIVERY,1.87,2.82,0.151,129.0,33765.0
DIVISLAB,16.5,22.0,0.0003,631.0,228223.0
DIXON,28.0,31.5,0.3199,533.0,90796.0
DRREDDY,11.2,13.0,0.1453,454.0,98049.0
EIDPARRY,7.85,17.0,0.2069,493.0,14188.0
EIHOTEL,14.5,20.7,0.1407,84.2,18933.0
EICHERMOT,24.0,30.5,0.0072,915.0,219892.0
ELECON,16.4,20.9,0.1181,103.0,10133.0
ELGIEQUIP,19.0,22.1,0.318,70.4,20103.0
EMAMILTD,26.2,28.1,0.1224,67.0,17573.0
EMCURE,20.1,24.0,0.3147,261.0,35337.0
EMMVEE,51.1,44.8,0.0969,53.4,22432.0
ENDURANCE,14.9,17.8,0.0975,486.0,42614.0
ENGINERSIN,23.8,30.6,0.0097,56.0,13765.0
ERIS,18.7,14.1,0.0383,282.0,18407.0
ESCORTS,18.7,13.9,0.0064,1106.0,34532.0
ETERNAL,0.38,2.48,0.066,32.1,316532.0
EXIDEIND,5.97,8.54,0.0467,164.0,39066.0
NYKAA,15.3,17.2,0.9186,5.02,95661.0
FEDERALBNK,11.6,6.39,0.0,162.0,89232.0
FACT,1.61,8.65,1.4427,21.2,50685.0
FINCABLES,12.3,16.0,0.0028,398.0,19278.0
FSL,17.6,16.8,0.5298,62.0,19518.0
FORCEMOT,29.2,36.1,0.5701,3183.0,23414.0
FORTIS,11.2,13.4,0.1733,131.0,68482.0
GAIL,8.71,9.67,0.1419,135.0,113092.0
GABRIEL,20.2,25.6,0.5126,95.3,25177.0
GALLANTT,15.7,18.2,0.1739,137.0,14100.0
GICRE,14.6,17.4,0.0,422.0,62413.0
GLAXO,45.6,61.4,0.0115,134.0,49165.0
MEDANTA,15.2,17.1,0.2368,147.0,37903.0
GPIL,15.2,20.4,0.1096,86.5,16497.0
GODREJCP,16.1,18.8,0.1235,124.0,95474.0
GODREJIND,-7.28,5.79,3.608,52.5,41433.0
GRANULES,13.8,15.5,0.3901,205.0,21265.0
GRASIM,4.98,8.01,0.9492,1520.0,225121.0
GESHIP,15.9,15.8,0.453,1188.0,18721.0
FLUOROCHEM,10.2,12.3,0.22,647.0,50772.0
HEG,7.42,8.35,0.1553,247.0,13716.0
HCLTECH,23.8,30.4,0.097,277.0,353455.0
HDBFS,13.9,9.09,0.0,249.0,57800.0
HDFCBANK,14.0,6.92,0.0,375.0,1120311.0
HFCL,6.95,10.9,0.2519,32.0,34899.0
HEROMOTOCO,28.1,35.2,0.0363,1080.0,114781.0
HEXT,26.6,33.5,0.0,51.8,32534.0
HINDALCO,13.0,13.2,0.6802,608.0,232363.0
HINDCOPPER,32.9,42.5,0.0332,34.6,55381.0
HINDUNILVR,31.0,28.4,0.0207,207.0,473443.0
HINDZINC,76.4,69.2,0.2197,53.2,251364.0
HYUNDAI,29.9,38.4,0.0312,246.0,180287.0
ICICIBANK,15.8,6.9,0.0,489.0,1019048.0
ICICIPRULI,12.6,10.1,0.1189,94.0,74717.0
IDBI,14.1,5.92,0.0,63.8,88428.0
IDFCFIRSTB,3.76,5.98,0.0,56.2,74789.0
IFCI,2.09,5.03,0.0,33.2,21800.0
IIFL,12.6,10.9,0.0,327.0,28917.0
IRB,4.31,7.48,1.248,17.3,22888.0
IRCON,9.19,9.69,0.2685,70.6,11730.0
ITCHOTELS,7.89,11.2,0.1481,56.0,34365.0
ITC,29.3,38.9,0.0036,57.9,337552.0
ITI,-8.86,1.41,1.1083,19.8,26896.0
INDGN,14.4,18.8,0.0459,130.0,13679.0
INDIACEM,0.37,1.24,0.5351,327.0,11494.0
INDIAMART,20.7,28.0,0.0272,399.0,10478.0
INDIANB,15.4,6.32,0.0,623.0,118115.0
IEX,39.4,51.4,0.0081,15.3,11030.0
INDHOTEL,14.2,17.1,0.4871,91.7,103911.0
IOC,20.5,18.7,0.9449,155.0,191908.0
IOB,15.6,6.12,0.0,20.2,63566.0
IRCTC,34.6,46.1,0.6001,53.9,38736.0
IREDA,15.6,8.69,0.0,49.1,32306.0
IGL,14.0,17.9,0.0136,82.2,20702.0
INDUSTOWER,18.6,19.5,0.9344,150.0,99129.0
INDUSINDBK,1.36,5.68,0.0,844.0,78350.0
NAUKRI,1.81,3.45,0.0048,585.0,87543.0
INFY,31.9,40.0,0.0726,225.0,454908.0
INOXWIND,7.09,10.5,1.519,36.9,12720.0
INTELLECT,12.4,16.0,0.0097,227.0,9702.0
INDIGO,-27.1,5.24,5.474,180.0,197587.0
IKS,40.3,36.9,0.3065,131.0,30662.0
JKCEMENT,15.6,15.1,0.8785,911.0,40566.0
JBMA,12.6,13.8,1.0889,54.4,15939.0
JMFINANCIL,11.9,11.6,1.659,111.0,12272.0
JSWDULUX,19.1,22.7,0.0532,538.0,14203.0
JSWINFRA,15.3,13.6,0.4907,51.8,78218.0
JSWSTEEL,8.38,10.5,0.8355,350.0,316368.0
JPPOWER,3.6,6.97,0.4862,18.6,11719.0
JINDALSAW,8.2,10.4,0.7614,197.0,18651.0
JINDALSTEL,8.22,9.7,0.3488,499.0,115046.0
JIOFIN,2.51,2.85,0.0,46.1,161117.0
JUBLINGREA,9.52,11.4,0.2547,196.0,11442.0
JWL,6.39,9.16,0.35,69.7,10556.0
KPRMILL,15.7,19.6,0.3197,167.0,39363.0
KEI,14.8,20.1,0.1371,697.0,52844.0
KAJARIACER,17.9,23.3,0.0709,192.0,18991.0
KALYANKJIL,24.8,21.2,0.786,61.1,62332.0
KAYNES,9.64,13.2,0.1923,708.0,26150.0
KFINTECH,21.6,29.2,0.0329,97.0,16937.0
KIRLOSENG,14.9,18.7,0.042,231.0,30571.0
KIMS,11.3,9.5,0.3709,56.2,32866.0
LTTS,21.5,26.7,0.0963,611.0,38237.0
LICHSGFIN,14.4,8.59,0.0,753.0,27338.0
LTFOODS,13.1,16.8,0.1881,55.4,14849.0
LT,15.9,14.6,1.4051,794.0,563142.0
LAURUSLABS,18.3,17.8,0.4401,98.2,97364.0
THELEELA,8.21,8.73,0.428,192.0,18758.0
LEMONTREE,19.4,14.0,2.4918,17.6,8582.0
LENSKART,6.33,8.08,0.2888,50.3,115038.0
LICI,37.8,35.1,0.0,0.0,534146.0
LINDEINDIA,13.6,18.2,0.0055,500.0,56899.0
LLOYDSME,36.6,27.3,0.0628,246.0,105033.0
LODHA,15.5,16.4,0.9111,233.0,124098.0
LUPIN,28.7,29.9,0.3336,491.0,100673.0
MMTC,5.23,8.66,1.8598,14.1,9807.0
MRF,12.5,15.7,0.2196,49455.0,56265.0
MGL,12.2,17.0,0.2756,651.0,11006.0
M&MFIN,12.3,8.72,0.0,192.0,53041.0
M&M,20.3,15.1,1.3768,749.0,424317.0
MANAPPURAM,6.97,8.25,0.0,171.0,33581.0
MRPL,14.5,18.0,2.1602,81.0,30988.0
MANKIND,13.1,13.5,0.3872,395.0,98458.0
MARICO,42.8,47.0,0.1261,32.4,110266.0
MARUTI,14.3,18.9,0.0069,3408.0,426487.0
MFSL,1.52,2.87,0.1483,153.0,54701.0
MAXHEALTH,14.7,14.7,0.1385,110.0,97328.0
MAZDOCK,29.2,36.0,0.0025,242.0,102943.0
MEESHO,-42.3,-35.6,0.3438,9.61,95102.0
MINDACORP,14.7,12.7,0.3222,110.0,17401.0
MOTILALOFS,15.5,12.7,0.984,214.0,59630.0
MPHASIS,18.5,22.1,0.0664,563.0,46383.0
MCX,56.3,71.4,0.0014,112.0,81215.0
MUTHOOTFIN,30.9,15.8,0.0,1011.0,121324.0
NBCC,24.1,31.0,0.0,11.2,23998.0
NHPC,9.32,5.75,0.706,41.2,76493.0
NMDC,23.4,27.6,0.0796,38.7,74388.0
NSLNISP,0.45,3.06,0.4504,45.0,11661.0
NTPC,15.1,8.92,1.4332,210.0,329687.0
NATIONALUM,29.4,39.6,0.0059,118.0,72446.0
NAVINFLUOR,19.6,21.0,0.0554,775.0,42105.0
NESTLEIND,73.2,84.1,0.1102,27.5,284831.0
NEULANDLAB,21.2,26.5,0.2425,1461.0,29895.0
NAM-INDIA,34.5,43.8,0.0,73.0,80029.0
NUVAMA,27.4,17.5,2.2455,226.0,32015.0
NUVOCO,2.85,6.32,0.415,264.0,11502.0
ONGC,11.6,14.2,0.4347,296.0,297398.0
OLAELEC,-43.2,-19.6,-2.386,7.6,17463.0
PAYTM,4.7,5.01,0.0118,250.0,104633.0
ONESOURCE,0.45,2.06,0.2164,519.0,17602.0
POLICYBZR,9.75,10.3,0.0387,158.0,83063.0
PGEL,6.69,10.3,0.1259,107.0,17202.0
PIIND,14.2,18.0,0.043,749.0,37881.0
PTCIL,7.02,8.43,0.6384,1005.0,30928.0
PATANJALI,16.5,12.0,-1.2583,120.0,37866.0
PERSISTENT,26.8,35.6,0.0193,425.0,89405.0
PFIZER,19.8,27.2,0.2503,302.0,22774.0
PWL,-0.48,4.02,-0.8396,15.8,35051.0
PINELABS,2.46,4.16,0.0647,51.3,18105.0
PIRAMALFIN,0.86,6.47,3.1402,1242.0,49434.0
PPLPHARMA,-3.83,2.52,0.4597,61.4,28447.0
POLYMED,9.02,12.5,0.1023,306.0,17428.0
POLYCAB,23.0,33.2,0.0178,798.0,135097.0
POONAWALLA,5.86,7.51,0.0,127.0,43150.0
PFC,20.7,9.71,0.0,433.0,119794.0
POWERGRID,15.3,9.1,1.6226,108.0,253348.0
PREMIERENE,42.4,33.3,0.8297,95.1,47801.0
PRESTIGE,7.53,10.4,0.7431,378.0,70252.0
PFOCUS,16.5,11.5,164.08,26.9,23126.0
PNB,13.0,6.13,0.0,136.0,133950.0
RRKABEL,21.3,28.1,0.0991,228.0,33019.0
RBLBANK,5.43,5.81,0.0,271.0,60842.0
RECLTD,20.1,9.71,0.0,321.0,86014.0
RHIM,2.91,6.52,0.1258,172.0,7749.0
RITES,15.4,22.0,0.0108,55.8,10481.0
RADICO,20.3,24.2,0.0915,248.0,62165.0
RVNL,9.02,10.8,0.9168,47.1,46976.0
RAILTEL,12.0,16.2,0.0244,53.7,9219.0
RAINBOW,15.9,17.4,0.5585,162.0,14557.0
RKFORGE,2.51,5.6,1.2239,181.0,13427.0
REDINGTON,16.9,18.4,0.12,130.0,27405.0
RELIANCE,8.91,10.3,0.4458,668.0,1780882.0
RPOWER,-0.9,6.11,1.9947,38.8,9698.0
SBFC,11.6,11.6,0.0,29.4,10409.0
SRF,14.3,14.6,0.3539,474.0,76238.0
SAILIFE,15.4,19.6,0.1159,117.0,30940.0
MOTHERSON,11.2,13.4,0.6293,38.8,178771.0
SAPPHIRE,-1.99,2.99,0.8775,38.3,7788.0
SAREGAMA,13.0,17.8,0.0007,87.8,9767.0
SHREECEM,7.51,10.3,0.1142,6449.0,87604.0
SHRIRAMFIN,16.4,11.5,0.0,349.0,265887.0
SIGNATURE,2.79,2.6,1.715,132.0,11189.0
SOLARINDS,32.6,38.1,0.3402,694.0,180075.0
SONATSOFTW,28.2,30.7,0.1222,67.9,8525.0
SBIN,15.4,6.13,0.0,674.0,968015.0
SAIL,6.48,7.84,0.3315,141.0,71648.0
SUNPHARMA,16.0,20.5,0.023,348.0,456449.0
SUNDARMFIN,15.0,9.44,0.0,1341.0,50380.0
SWANCORP,-4.5,-0.58,1.8033,240.0,9524.0
SWIGGY,-20.7,2.74,0.0078,75.5,77979.0
SYRMA,14.0,16.8,0.1295,148.0,27754.0
TVSMOTOR,33.6,17.4,2.875,201.0,208563.0
TATACHEM,1.27,3.42,0.3562,832.0,15967.0
TATACOMM,7.3,8.64,0.0961,371.0,47182.0
TATACONSUM,7.35,9.24,0.0867,220.0,103818.0
TATAINVEST,1.44,1.57,0.0123,578.0,32783.0
TMPV,75.7,2.73,3.2313,304.0,117079.0
TATAPOWER,10.2,10.5,1.7783,124.0,119602.0
TATASTEEL,11.7,12.5,0.733,81.8,228449.0
TATATECH,16.3,20.9,0.2391,96.6,33327.0
TECHM,17.5,23.1,0.0938,302.0,155245.0
TECHNOE,11.4,14.8,0.0,357.0,11484.0
TEGA,5.94,8.09,0.2336,454.0,13096.0
TEJASNET,-26.8,-14.6,0.0067,165.0,9085.0
TENNIND,44.4,60.8,1.471,29.7,23254.0
NIACL,4.92,4.29,0.0,0.0,30345.0
RAMCOCEM,0.38,6.13,0.5757,343.0,21244.0
THERMAX,10.6,13.9,0.0951,466.0,47279.0
TIMKEN,14.3,19.0,0.2698,387.0,23574.0
TITAGARH,6.47,10.6,0.9544,182.0,11360.0
TITAN,37.7,20.5,0.6139,177.0,451537.0
TORNTPHARM,27.4,15.2,0.6567,248.0,186247.0
TORNTPOWER,12.5,13.7,0.8304,379.0,62872.0
TARIL,19.1,23.3,0.8249,50.5,8964.0
TRAVELFOOD,35.3,42.4,0.1698,110.0,17213.0
TRENT,27.7,28.3,1.8201,131.0,155917.0
TRIDENT,7.91,9.79,0.3809,9.36,12429.0
TRITURBINE,25.2,34.1,0.0053,45.5,18274.0
TIINDIA,9.95,17.1,0.1424,400.0,55861.0
UCOBANK,8.5,5.76,0.0,24.6,32252.0
UNOMINDA,19.3,19.6,0.2281,118.0,73050.0
UPL,5.64,10.1,0.9958,411.0,48018.0
UTIAMC,10.3,15.6,0.0,350.0,11479.0
ULTRACEMCO,11.1,12.7,0.208,2600.0,340944.0
UNIONBANK,15.5,6.31,0.0,176.0,140038.0
UNITDSPR,21.4,26.4,0.1009,123.0,113176.0
USHAMART,15.1,19.5,0.2024,108.0,14667.0
VTL,7.49,9.04,0.2387,352.0,17452.0
VEDL,38.2,16.1,1.3592,127.0,109100.0
VMM,12.2,14.8,0.7655,15.9,48455.0
VOLTAS,6.1,9.04,0.0662,193.0,40864.0
WAAREEENER,35.4,42.8,0.1556,456.0,77039.0
WELSPUNLIV,4.47,6.25,0.8082,51.3,18149.0
WIPRO,15.5,17.8,0.2265,83.9,179064.0
YESBANK,7.1,5.98,0.0,16.7,71564.0
ZFCVINDIA,14.4,19.1,0.0,323.0,30295.0
ZENTEC,10.7,16.2,0.0475,209.0,17393.0
ZYDUSLIFE,21.2,21.1,0.241,269.0,111720.0
ECLERX,28.4,34.4,0.095,272.0,17077.0
